{"cameraMode":{"drawMode":0,"name":"Shaded","section":"Shading Mode"},"sceneLighting":false,"audioPlay":false,"sceneViewState":{"m_AlwaysRefresh":false,"showFog":true,"showSkybox":false,"showFlares":true,"showImageEffects":true,"showParticleSystems":true,"showVisualEffectGraphs":true,"m_FxEnabled":true},"in2DMode":false,"pivot":{"x":-0.0014706775546073914,"y":0.0013208873569965363,"z":0.000047150999307632446},"rotation":{"x":-0.003684800583869219,"y":0.4763442277908325,"z":0.00199542916379869,"w":0.8792521953582764},"size":0.038163430988788608,"orthographic":false}