{"cameraMode":{"drawMode":0,"name":"Shaded","section":"Shading Mode"},"sceneLighting":true,"audioPlay":false,"sceneViewState":{"m_AlwaysRefresh":false,"showFog":true,"showSkybox":true,"showFlares":true,"showImageEffects":true,"showParticleSystems":true,"showVisualEffectGraphs":true,"m_FxEnabled":true},"in2DMode":false,"pivot":{"x":7.440728664398193,"y":4.322848320007324,"z":9.812494277954102},"rotation":{"x":-0.005638959351927042,"y":0.9794172048568726,"z":-0.19987328350543977,"w":-0.027626266703009607},"size":1.7582162618637086,"orthographic":false}